[
    {
    "id":"1",
    "name":"MovieA",
    "Description": "Movie A description",
    "cast":["name A"," name  1"]
    },
    {
    "id":"2",
    "name":"Movie B",
    "Description": "Movie B description",
    "cast":["name A"," name  1"]
    },
    {
    "id":"3",
    "name":"MovieC",
    "Description": "Movie C description",
    "cast":["name A"," name  1"]
    },
    {
    "id":"4",
    "name":"MovieD",
    "Description": "Movie D description",
    "cast":["name A"," name  1"]
    },
    {
    "id":"5",
    "name":"MovieE",
    "Description": "Movie E description",
    "cast":["name A"," name  1"]
    }
]